demo_ID,system_ID,notes
55555555-5555-5555-5555-000000000001,11111111-1111-1111-1111-000000000001,SAC principal – historia de planificación de ventas y modelo CAPEX
55555555-5555-5555-5555-000000000002,11111111-1111-1111-1111-000000000003,Datasphere – modelo analítico financiero y capa semántica
55555555-5555-5555-5555-000000000003,11111111-1111-1111-1111-000000000001,SAC BDC GA – P&L dashboard con drill-through
55555555-5555-5555-5555-000000000004,11111111-1111-1111-1111-000000000004,BDC Cockpit – data products FICO y Microsoft Fabric
55555555-5555-5555-5555-000000000005,11111111-1111-1111-1111-000000000001,SAC – historia supply chain planning y escenarios de demanda
55555555-5555-5555-5555-000000000005,11111111-1111-1111-1111-000000000003,Datasphere – fuente de datos de S/4HANA para SAC
55555555-5555-5555-5555-000000000006,11111111-1111-1111-1111-000000000004,BDC Cockpit – data product FICO; Fabric integration
55555555-5555-5555-5555-000000000006,11111111-1111-1111-1111-000000000007,Datasphere GLA26Q2 – capa de datos complementaria
55555555-5555-5555-5555-000000000007,11111111-1111-1111-1111-000000000006,SAC GLA26Q2 – workforce analytics; historia HR Talent
55555555-5555-5555-5555-000000000008,11111111-1111-1111-1111-000000000007,Datasphere GLA26Q2 – modelo supply chain; fuentes SAP y non-SAP
55555555-5555-5555-5555-000000000008,11111111-1111-1111-1111-000000000003,Datasphere BDC GA – modelo financial analytics complementario
55555555-5555-5555-5555-000000000009,11111111-1111-1111-1111-000000000002,SAC Sandbox – planning model balance sheet y liquidez
55555555-5555-5555-5555-000000000009,11111111-1111-1111-1111-000000000009,Datasphere Sandbox – fuente de datos para planificación de balance
55555555-5555-5555-5555-000000000010,11111111-1111-1111-1111-000000000001,SAC BDC GA – historia HR Talent y headcount planning
55555555-5555-5555-5555-000000000011,11111111-1111-1111-1111-000000000010,BDC Cockpit Sandbox – presentación introductoria del cockpit
55555555-5555-5555-5555-000000000011,11111111-1111-1111-1111-000000000009,Datasphere Sandbox – capa de datos demostrada
55555555-5555-5555-5555-000000000012,11111111-1111-1111-1111-000000000006,SAC GLA26Q2 – historia revenue management y rentabilidad por canal
55555555-5555-5555-5555-000000000013,11111111-1111-1111-1111-000000000001,SAC BDC GA – historia planificación de ventas y P&L forecast
55555555-5555-5555-5555-000000000014,11111111-1111-1111-1111-000000000003,Datasphere BDC GA – data federation SAP y non-SAP
55555555-5555-5555-5555-000000000015,11111111-1111-1111-1111-000000000001,SAC BDC GA – P&L reporting y executive KPI dashboard
55555555-5555-5555-5555-000000000016,11111111-1111-1111-1111-000000000004,BDC Cockpit BDC GA – introducción a data products y cockpit
55555555-5555-5555-5555-000000000017,11111111-1111-1111-1111-000000000001,SAC BDC GA – supply chain planning y operational planning
55555555-5555-5555-5555-000000000017,11111111-1111-1111-1111-000000000003,Datasphere BDC GA – fuente de datos de demanda y stock
55555555-5555-5555-5555-000000000018,11111111-1111-1111-1111-000000000004,BDC Cockpit BDC GA – data products Sales Marketing y Supply Chain
55555555-5555-5555-5555-000000000019,11111111-1111-1111-1111-000000000001,SAC BDC GA – augmented analytics; Smart Insights y NLQ
55555555-5555-5555-5555-000000000020,11111111-1111-1111-1111-000000000004,BDC Cockpit BDC GA – Fabric integration FICO y SC to OneLake
55555555-5555-5555-5555-000000000020,11111111-1111-1111-1111-000000000003,Datasphere BDC GA – puente entre S/4HANA y Microsoft Fabric
55555555-5555-5555-5555-000000000021,11111111-1111-1111-1111-000000000001,SAC BDC GA – predictive demand forecasting por SKU y región
55555555-5555-5555-5555-000000000022,11111111-1111-1111-1111-000000000003,Datasphere BDC GA – modelo Customer 360 con CRM y datos de red
55555555-5555-5555-5555-000000000023,11111111-1111-1111-1111-000000000004,BDC Cockpit BDC GA – cockpit central; data product FICO
55555555-5555-5555-5555-000000000023,11111111-1111-1111-1111-000000000003,Datasphere BDC GA – capa analítica de datos
55555555-5555-5555-5555-000000000023,11111111-1111-1111-1111-000000000001,SAC BDC GA – visualización sobre datos de BDC
55555555-5555-5555-5555-000000000024,11111111-1111-1111-1111-000000000001,SAC BDC GA – planning y BI integrados; P&L y executive KPI
55555555-5555-5555-5555-000000000025,11111111-1111-1111-1111-000000000003,Datasphere BDC GA – modelo HR Analytics con SF
55555555-5555-5555-5555-000000000026,11111111-1111-1111-1111-000000000004,BDC Cockpit BDC GA – Joule Financial y Supply Chain insights
55555555-5555-5555-5555-000000000027,11111111-1111-1111-1111-000000000001,SAC BDC GA – executive KPI dashboard y customer analytics
55555555-5555-5555-5555-000000000028,11111111-1111-1111-1111-000000000004,BDC Cockpit BDC GA – data products HR y SC; Fabric integration
55555555-5555-5555-5555-000000000028,11111111-1111-1111-1111-000000000003,Datasphere BDC GA – complementario para datos de contexto
55555555-5555-5555-5555-000000000029,11111111-1111-1111-1111-000000000004,BDC Cockpit BDC GA – data products FICO y SC con foco en gobernanza
55555555-5555-5555-5555-000000000030,11111111-1111-1111-1111-000000000001,SAC BDC GA – predictive cash flow a 12 meses con datos FI
55555555-5555-5555-5555-000000000031,11111111-1111-1111-1111-000000000004,BDC Cockpit BDC GA – Joule Workforce insights
55555555-5555-5555-5555-000000000032,11111111-1111-1111-1111-000000000001,SAC BDC GA – augmented analytics sobre cartera crediticia
