demo_ID,tenant_ID,notes
55555555-5555-5555-5555-000000000001,11111111-1111-1111-1111-000000000001,Tenant SAC principal para la demo de planificación
55555555-5555-5555-5555-000000000002,11111111-1111-1111-1111-000000000003,Tenant Datasphere con modelo financiero precargado
55555555-5555-5555-5555-000000000003,11111111-1111-1111-1111-000000000001,SAC BDC GA para el reporting ejecutivo
55555555-5555-5555-5555-000000000004,11111111-1111-1111-1111-000000000004,BDC Cockpit BDC GA para la demo de data products
55555555-5555-5555-5555-000000000005,11111111-1111-1111-1111-000000000001,SAC BDC GA para planificación de supply chain
55555555-5555-5555-5555-000000000005,11111111-1111-1111-1111-000000000003,Datasphere conectado a SAC para datos de S/4HANA
55555555-5555-5555-5555-000000000006,11111111-1111-1111-1111-000000000004,BDC Cockpit BDC GA para data products FICO
55555555-5555-5555-5555-000000000006,11111111-1111-1111-1111-000000000007,Datasphere GLA26Q2 como capa de datos complementaria
55555555-5555-5555-5555-000000000007,11111111-1111-1111-1111-000000000006,SAC GLA26Q2 para workforce analytics
55555555-5555-5555-5555-000000000008,11111111-1111-1111-1111-000000000007,Datasphere GLA26Q2 para el modelo de supply chain
55555555-5555-5555-5555-000000000008,11111111-1111-1111-1111-000000000003,Datasphere BDC GA complementario
55555555-5555-5555-5555-000000000009,11111111-1111-1111-1111-000000000002,SAC Sandbox para la demo de balance planning
55555555-5555-5555-5555-000000000009,11111111-1111-1111-1111-000000000009,Datasphere Sandbox como fuente de datos
55555555-5555-5555-5555-000000000010,11111111-1111-1111-1111-000000000001,SAC BDC GA para workforce analytics
55555555-5555-5555-5555-000000000011,11111111-1111-1111-1111-000000000010,BDC Cockpit Sandbox para la demo introductoria
55555555-5555-5555-5555-000000000011,11111111-1111-1111-1111-000000000009,Datasphere Sandbox como plataforma de datos
55555555-5555-5555-5555-000000000012,11111111-1111-1111-1111-000000000006,SAC GLA26Q2 para revenue management
