ID,name,industry,country,contact,email,createdAt,createdBy,modifiedAt,modifiedBy
33333333-3333-3333-3333-000000000001,Telefónica,Telecomunicaciones,ESP,María García López,mgarcia@telefonica.com,2026-02-01T09:00:00Z,admin,2026-02-01T09:00:00Z,admin
33333333-3333-3333-3333-000000000002,Iberdrola,Energía,ESP,Carlos Martínez Ruiz,cmartinez@iberdrola.com,2026-03-01T09:00:00Z,admin,2026-03-01T09:00:00Z,admin
33333333-3333-3333-3333-000000000003,Repsol,Petróleo y Gas,ESP,Ana Fernández Torres,afernandez@repsol.com,2026-04-01T09:00:00Z,admin,2026-04-01T09:00:00Z,admin
33333333-3333-3333-3333-000000000004,BBVA,Banca,ESP,Pedro Sánchez Díaz,psanchez@bbva.com,2026-04-15T09:00:00Z,admin,2026-04-15T09:00:00Z,admin
33333333-3333-3333-3333-000000000005,Inditex,Retail,ESP,Laura González Vega,lgonzalez@inditex.com,2026-06-01T09:00:00Z,admin,2026-06-01T09:00:00Z,admin
33333333-3333-3333-3333-000000000006,CaixaBank,Banca,ESP,Sergio Ramírez Mora,sramirez@caixabank.com,2026-06-15T09:00:00Z,admin,2026-06-15T09:00:00Z,admin
33333333-3333-3333-3333-000000000007,Ferrovial,Construcción e Infraestructuras,ESP,Elena Castro Blanco,ecastro@ferrovial.com,2026-07-01T09:00:00Z,admin,2026-07-01T09:00:00Z,admin
33333333-3333-3333-3333-000000000008,Mapfre,Seguros,ESP,Roberto Navarro Prieto,rnavarro@mapfre.com,2026-07-10T09:00:00Z,admin,2026-07-10T09:00:00Z,admin
33333333-3333-3333-3333-000000000009,Banco Santander,Banca,ESP,Isabel Moreno Delgado,imoreno@santander.com,2026-07-20T09:00:00Z,admin,2026-07-20T09:00:00Z,admin
33333333-3333-3333-3333-000000000010,Endesa,Energía,ESP,David Ruiz Herrera,druiz@endesa.com,2026-08-01T09:00:00Z,admin,2026-08-01T09:00:00Z,admin
33333333-3333-3333-3333-000000000011,ACS Group,Construcción,ESP,Patricia Jiménez Cano,pjimenez@acs.com,2026-08-10T09:00:00Z,admin,2026-08-10T09:00:00Z,admin
33333333-3333-3333-3333-000000000012,Meliá Hotels International,Hostelería,ESP,Antonio López Serrano,alopez@melia.com,2026-08-20T09:00:00Z,admin,2026-08-20T09:00:00Z,admin
