ID,title,description,demoDate,status,createdAt,createdBy,modifiedAt,modifiedBy
55555555-5555-5555-5555-000000000001,Planificación Financiera con SAC – Telefónica,"Demo completa de FP&A con SAC: planificación de ventas por región canal y producto; simulación de escenarios; integración con datos S/4HANA. Presentado al área de Controlling y Finance de Telefónica España.",2026-09-15,READY,2026-09-01T08:00:00Z,javier.donoso@sap.com,2026-09-15T18:00:00Z,javier.donoso@sap.com
55555555-5555-5555-5555-000000000002,SAP Datasphere – Analítica de Datos Unificada – Iberdrola,"Presentación de SAP Datasphere como plataforma de gestión de datos empresariales. Demo incluye capa semántica unificada sobre datos de múltiples fuentes y modelo analítico financiero.",2026-10-01,READY,2026-09-20T08:00:00Z,javier.donoso@sap.com,2026-10-01T17:30:00Z,javier.donoso@sap.com
55555555-5555-5555-5555-000000000003,SAP Analytics Cloud BI & Reporting – Repsol,"Preparación en curso: demo de BI y reporting ejecutivo con SAC. P&L dashboard con drill-through a nivel de centro de coste. Pendiente de confirmar fecha con el cliente.",2026-10-20,DRAFT,2026-10-03T09:00:00Z,javier.donoso@sap.com,2026-10-03T09:00:00Z,javier.donoso@sap.com
55555555-5555-5555-5555-000000000004,SAP Business Data Cloud Overview – BBVA,"Demo introductoria de BDC para el equipo de Data & Analytics de BBVA. Foco en integración con Microsoft Fabric y gobernanza de datos. Archivado tras reestructuración del proyecto en el cliente.",2026-06-10,ARCHIVED,2026-06-01T08:00:00Z,javier.donoso@sap.com,2026-07-01T10:00:00Z,javier.donoso@sap.com
55555555-5555-5555-5555-000000000005,SAC Planificación Supply Chain – CaixaBank,"Demo de SAC xP&A aplicada a planificación de la cadena de suministro. Se mostró integración con S/4HANA para datos de demanda y stock. Alto interés del equipo de Operations Finance.",2026-08-22,READY,2026-08-10T08:00:00Z,javier.donoso@sap.com,2026-08-22T17:00:00Z,javier.donoso@sap.com
55555555-5555-5555-5555-000000000006,SAP Business Data Cloud – Ferrovial,"Presentación técnica de BDC para el equipo de Enterprise Architecture de Ferrovial. Se demostró la ingesta de datos de S/4HANA mediante data products nativos y el acceso desde Microsoft Fabric.",2026-09-10,READY,2026-09-01T08:00:00Z,javier.donoso@sap.com,2026-09-10T18:00:00Z,javier.donoso@sap.com
55555555-5555-5555-5555-000000000007,SAC Workforce Analytics – Mapfre,"Preparación en curso de demo de People Analytics con SAC. Foco en análisis de plantilla rotación y coste por departamento. Usa datos de SuccessFactors integrados en SAC.",2026-11-12,DRAFT,2026-10-01T09:00:00Z,javier.donoso@sap.com,2026-10-01T09:00:00Z,javier.donoso@sap.com
55555555-5555-5555-5555-000000000008,Datasphere Analítica Supply Chain – Santander,"Demo de Datasphere como plataforma de datos unificada para analítica de operaciones y finanzas. Modelo de supply chain integrado con datos de SAP y no SAP.",2026-07-18,READY,2026-07-05T08:00:00Z,javier.donoso@sap.com,2026-07-18T17:30:00Z,javier.donoso@sap.com
55555555-5555-5555-5555-000000000009,SAC Balance Sheet Planning – Endesa,"Demo de planificación de balance con SAC xP&A para el área de Tesorería y Consolidación de Endesa. Incluye planificación de liquidez y deuda a largo plazo.",2026-11-20,DRAFT,2026-10-05T09:00:00Z,javier.donoso@sap.com,2026-10-05T09:00:00Z,javier.donoso@sap.com
55555555-5555-5555-5555-000000000010,SAC Workforce Analytics – ACS Group,"Demo de HR Analytics con SAC: evolución de headcount coste salarial y planificación de incorporaciones por proyecto y división. Muy bien valorada por el área de RRHH.",2026-06-25,READY,2026-06-15T08:00:00Z,javier.donoso@sap.com,2026-06-25T17:00:00Z,javier.donoso@sap.com
55555555-5555-5555-5555-000000000011,SAP BDC + Datasphere – Meliá Hotels,"Demo introductoria del portfolio SAP Analytics para el equipo de Strategy & Data de Meliá. Se mostró Datasphere como capa de datos y BDC como plataforma unificada. Archivado: proyecto detenido por cambio de CTO.",2026-04-20,ARCHIVED,2026-04-10T08:00:00Z,javier.donoso@sap.com,2026-05-15T10:00:00Z,javier.donoso@sap.com
55555555-5555-5555-5555-000000000012,SAC BI & Revenue Management – Repsol Follow-up,"Follow-up de la demo anterior de Repsol. Foco en gestión de ingresos y rentabilidad por canal. Se usó landscape GLA26Q2 para mayor estabilidad.",2026-10-04,READY,2026-09-25T09:00:00Z,javier.donoso@sap.com,2026-10-04T17:00:00Z,javier.donoso@sap.com
55555555-5555-5555-5555-000000000013,SAC Planificación Financiera – Naturgy,"Demo de FP&A con SAC para el equipo de Control de Gestión de Naturgy. Planificación de ventas por área geográfica y producto energético con integración de datos de S/4HANA. Alto interés en sustituir modelos de Excel actuales.",2025-01-30,READY,2025-01-15T08:00:00Z,javier.donoso@sap.com,2025-01-30T17:00:00Z,javier.donoso@sap.com
55555555-5555-5555-5555-000000000014,SAP Datasphere Data Federation – Grifols,"Demo de SAP Datasphere como plataforma de acceso federado a datos heterogéneos para Data & Analytics de Grifols. Se mostró federación de datos de S/4HANA con fuentes propias de laboratorio sin duplicación.",2025-02-14,READY,2025-01-30T08:00:00Z,javier.donoso@sap.com,2025-02-14T17:00:00Z,javier.donoso@sap.com
55555555-5555-5555-5555-000000000015,SAC BI & Reporting Ejecutivo – Bankinter,"Demo de BI ejecutivo con SAC para el equipo directivo de Bankinter. Dashboard de P&L con comparativa real vs presupuesto y análisis de cartera de créditos por segmento.",2025-02-28,READY,2025-02-10T08:00:00Z,javier.donoso@sap.com,2025-02-28T17:00:00Z,javier.donoso@sap.com
55555555-5555-5555-5555-000000000016,SAP BDC Introducción – El Corte Inglés,"Demo introductoria de SAP Business Data Cloud para el equipo de Arquitectura Empresarial de El Corte Inglés. Presentación del posicionamiento estratégico y hoja de ruta de migración desde BW. Proyecto pausado por cambio organizativo.",2025-03-15,ARCHIVED,2025-02-28T08:00:00Z,javier.donoso@sap.com,2025-04-01T10:00:00Z,javier.donoso@sap.com
55555555-5555-5555-5555-000000000017,SAC xP&A Supply Chain Planning – Sacyr,"Demo de SAC xP&A para planificación de la cadena de suministro de Sacyr. Planificación de materiales y subcontratistas por proyecto de construcción con simulación de escenarios de coste.",2025-04-10,READY,2025-03-25T08:00:00Z,javier.donoso@sap.com,2025-04-10T17:00:00Z,javier.donoso@sap.com
55555555-5555-5555-5555-000000000018,SAP BDC Data Products – Amadeus IT,"Demo de SAP BDC Data Products para el equipo de Data Engineering de Amadeus. Foco en los data products de SAP HR y Finance como acelerador para modelos analíticos sobre Microsoft Fabric.",2025-04-25,READY,2025-04-10T08:00:00Z,javier.donoso@sap.com,2025-04-25T17:00:00Z,javier.donoso@sap.com
55555555-5555-5555-5555-000000000019,SAC Augmented Analytics – Prosegur,"Demo de SAC Augmented Analytics para el equipo de Inteligencia de Negocio de Prosegur. Se mostraron Smart Insights y NLQ. El cliente indicó que ya tienen solución de BI consolidada y no están en proceso de evaluación activa.",2025-05-08,ARCHIVED,2025-04-25T08:00:00Z,javier.donoso@sap.com,2025-05-20T10:00:00Z,javier.donoso@sap.com
55555555-5555-5555-5555-000000000020,BDC Microsoft Fabric Integration – El Corte Inglés,"Segunda demo para El Corte Inglés centrada en la integración de SAP BDC con Microsoft Fabric. Se demostró el mirroring de datos de S/4HANA a OneLake y el acceso desde Power BI sin ETL. Alto impacto por su plataforma analítica en Azure.",2025-05-22,READY,2025-05-08T08:00:00Z,javier.donoso@sap.com,2025-05-22T17:00:00Z,javier.donoso@sap.com
55555555-5555-5555-5555-000000000021,SAC Predictive Demand Forecasting – Inditex,"Demo de SAC Predictive Analytics para el equipo de Demand Planning de Inditex. Modelo de previsión de demanda por SKU y región con ajuste estacional. El cliente evalúa SAC como capa de visualización predictiva sobre IBP.",2025-06-05,READY,2025-05-22T08:00:00Z,javier.donoso@sap.com,2025-06-05T17:00:00Z,javier.donoso@sap.com
55555555-5555-5555-5555-000000000022,Datasphere Customer 360 – Telefónica,"Demo de SAP Datasphere para visión 360 del cliente para el área de Customer Intelligence de Telefónica. Integración de CRM SF con datos de red en modelo unificado de Datasphere. Gran interés en la capa semántica para democratizar el acceso a datos.",2025-06-20,READY,2025-06-05T08:00:00Z,javier.donoso@sap.com,2025-06-20T17:00:00Z,javier.donoso@sap.com
55555555-5555-5555-5555-000000000023,SAP BDC Portfolio Completo – EDP Portugal,"Demo completa del portfolio SAP Business Data Cloud para EDP Portugal. Datasphere como capa de datos BDC como cockpit de integración data products de FICO y la integración con Microsoft Fabric. El cliente evalúa BDC como plataforma core de datos.",2025-07-10,READY,2025-06-25T08:00:00Z,javier.donoso@sap.com,2025-07-10T17:00:00Z,javier.donoso@sap.com
55555555-5555-5555-5555-000000000024,SAC Planning + BI – Acciona,"Demo combinada de SAC Planning y BI para el CFO Office de Acciona. Planificación de proyectos de construcción e infraestructura combinada con reporting ejecutivo de P&L por línea de negocio.",2025-07-25,READY,2025-07-10T08:00:00Z,javier.donoso@sap.com,2025-07-25T17:00:00Z,javier.donoso@sap.com
55555555-5555-5555-5555-000000000025,Datasphere HR Analytics – Mutua Madrileña,"Demo de SAP Datasphere orientada a HR Analytics para el área de People Analytics de Mutua Madrileña. Modelo analítico con datos de SuccessFactors integrados en Datasphere para análisis de rotación retención y coste salarial.",2025-08-07,READY,2025-07-24T08:00:00Z,javier.donoso@sap.com,2025-08-07T17:00:00Z,javier.donoso@sap.com
55555555-5555-5555-5555-000000000026,BDC Joule AI Insights – Galp Portugal,"Demo de Joule AI Insights sobre SAP BDC para el equipo de Data & Strategy de Galp Portugal. Asistente IA para consultas sobre datos financieros y de supply chain en lenguaje natural. Muy bien valorada por el CTO.",2025-08-21,READY,2025-08-07T08:00:00Z,javier.donoso@sap.com,2025-08-21T17:00:00Z,javier.donoso@sap.com
55555555-5555-5555-5555-000000000027,SAC Executive KPI Dashboard – Fluidra,"Demo de SAC BI con foco en Executive KPI Dashboard y Customer Analytics para el área de Strategy de Fluidra. Integración de datos de ventas CRM y distribución en dashboards optimizados para móvil.",2025-09-04,READY,2025-08-21T08:00:00Z,javier.donoso@sap.com,2025-09-04T17:00:00Z,javier.donoso@sap.com
55555555-5555-5555-5555-000000000028,BDC Data Products + Fabric – Sonae Portugal,"Demo de SAP BDC Data Products y Microsoft Fabric Integration para el equipo de Data Platform de Sonae Portugal. Ingesta de data products de FICO HR y SC en OneLake y acceso desde Power BI y Azure Synapse.",2025-09-18,READY,2025-09-04T08:00:00Z,javier.donoso@sap.com,2025-09-18T17:00:00Z,javier.donoso@sap.com
55555555-5555-5555-5555-000000000029,SAP BDC Data Products Follow-up – BBVA,"Follow-up con BBVA tras la primera demo. Foco en los data products de BDC y la gobernanza de datos. El equipo de CDO mostró gran interés en la arquitectura lakehouse con datos SAP en Fabric.",2025-10-09,READY,2025-09-25T08:00:00Z,javier.donoso@sap.com,2025-10-09T17:00:00Z,javier.donoso@sap.com
55555555-5555-5555-5555-000000000030,SAC Predictive Cash Flow – Iberdrola,"Demo de SAC Predictive Analytics para el área de Tesorería de Iberdrola. Foco en el modelo de predicción de cash flow a 12 meses con integración de datos de S/4HANA FI. El CFO asistió y solicitó PoC con datos reales.",2025-10-23,READY,2025-10-09T08:00:00Z,javier.donoso@sap.com,2025-10-23T17:00:00Z,javier.donoso@sap.com
55555555-5555-5555-5555-000000000031,BDC Joule Workforce Insights – Meliá Hotels,"Demo de Joule AI Insights en SAP BDC para el nuevo CTO de Meliá Hotels. Foco en insights sobre datos de RRHH. El CTO decidió pausar todas las iniciativas analytics hasta definir la estrategia de datos del grupo.",2025-11-06,ARCHIVED,2025-10-23T08:00:00Z,javier.donoso@sap.com,2025-11-20T10:00:00Z,javier.donoso@sap.com
55555555-5555-5555-5555-000000000032,SAC Augmented Analytics – Banco Santander,"Demo de SAC Augmented Analytics para el equipo de Data Intelligence de Banco Santander. Smart Insights sobre datos de cartera crediticia y NLQ para análisis de rentabilidad. Excelente recepción; solicitaron ampliar la demo con datos propios.",2025-11-20,READY,2025-11-06T08:00:00Z,javier.donoso@sap.com,2025-11-20T17:00:00Z,javier.donoso@sap.com
