demo_ID,object_ID,notes
55555555-5555-5555-5555-000000000001,44444444-4444-4444-4444-000000000001,Historia principal de planificación de ventas
55555555-5555-5555-5555-000000000001,44444444-4444-4444-4444-000000000004,Modelo CAPEX para mostrar planificación de inversiones
55555555-5555-5555-5555-000000000002,44444444-4444-4444-4444-000000000003,Modelo analítico Datasphere para reporting financiero
55555555-5555-5555-5555-000000000003,44444444-4444-4444-4444-000000000002,Historia P&L para el dashboard ejecutivo
55555555-5555-5555-5555-000000000004,44444444-4444-4444-4444-000000000001,Historia SAC usada como referencia en la presentación BDC
55555555-5555-5555-5555-000000000005,44444444-4444-4444-4444-000000000006,Historia de supply chain planning como demo principal
55555555-5555-5555-5555-000000000005,44444444-4444-4444-4444-000000000004,Planning model CAPEX como ejemplo complementario de planificación
55555555-5555-5555-5555-000000000006,44444444-4444-4444-4444-000000000007,Data product FICO como elemento central de la demo BDC
55555555-5555-5555-5555-000000000007,44444444-4444-4444-4444-000000000008,Historia workforce analytics como contenido principal
55555555-5555-5555-5555-000000000007,44444444-4444-4444-4444-000000000002,P&L reporting como contexto financiero de la demo
55555555-5555-5555-5555-000000000008,44444444-4444-4444-4444-000000000009,Modelo supply chain de Datasphere como eje de la demo
55555555-5555-5555-5555-000000000008,44444444-4444-4444-4444-000000000003,Modelo financial analytics como complemento
55555555-5555-5555-5555-000000000009,44444444-4444-4444-4444-000000000010,Planning model de balance sheet como demo principal
55555555-5555-5555-5555-000000000009,44444444-4444-4444-4444-000000000004,CAPEX planning como escenario de inversiones asociado
55555555-5555-5555-5555-000000000010,44444444-4444-4444-4444-000000000005,Historia HR Talent como base de la demo
55555555-5555-5555-5555-000000000010,44444444-4444-4444-4444-000000000011,Planning model headcount para mostrar capacidades de planificación
55555555-5555-5555-5555-000000000012,44444444-4444-4444-4444-000000000012,Historia revenue management como contenido central
55555555-5555-5555-5555-000000000012,44444444-4444-4444-4444-000000000002,P&L reporting para contexto de rentabilidad
