demo_ID,client_ID,presentationDate,result,feedback
55555555-5555-5555-5555-000000000001,33333333-3333-3333-3333-000000000001,2026-09-15,VERY_INTERESTED,Excelente recepción por parte del equipo de FP&A. Muy interesados en una PoC de planificación de ventas con datos reales de S/4HANA. Solicitaron propuesta en 2 semanas.
55555555-5555-5555-5555-000000000002,33333333-3333-3333-3333-000000000002,2026-10-01,INTERESTED,El equipo de Data Architecture quedó impresionado con la capa semántica de Datasphere. Interés en evaluar como sustituto de BW en su roadmap 2027.
55555555-5555-5555-5555-000000000004,33333333-3333-3333-3333-000000000004,2026-06-10,NEUTRAL,Demo bien recibida pero el proyecto quedó en pausa por cambio de prioridades internas en BBVA. Retomar contacto en Q1 2027.
55555555-5555-5555-5555-000000000005,33333333-3333-3333-3333-000000000006,2026-08-22,VERY_INTERESTED,CaixaBank mostró gran interés en SAC para planificación de supply chain. El CFO quiere explorar una PoC antes de fin de año con datos reales del ERP.
55555555-5555-5555-5555-000000000006,33333333-3333-3333-3333-000000000007,2026-09-10,INTERESTED,Ferrovial tiene claro el roadmap a BDC. El equipo de arquitectura valoró muy positivamente la integración nativa con Microsoft Fabric. Siguen en proceso de evaluación.
55555555-5555-5555-5555-000000000008,33333333-3333-3333-3333-000000000009,2026-07-18,VERY_INTERESTED,Banco Santander está en proceso de migración de BW a Datasphere. La demo reforzó el valor de la capa semántica unificada. Solicitan sesión técnica de profundización.
55555555-5555-5555-5555-000000000010,33333333-3333-3333-3333-000000000011,2026-06-25,INTERESTED,ACS Group quedó convencido del valor de SAC para RRHH. Director de RRHH solicitó ampliar la demo con datos de SuccessFactors del propio cliente.
55555555-5555-5555-5555-000000000011,33333333-3333-3333-3333-000000000012,2026-04-20,NEUTRAL,Meliá Hotels mostró interés moderado. La demo fue introductoria y el nuevo CTO quiere evaluar primero la estrategia de datos antes de comprometerse con SAP Analytics.
55555555-5555-5555-5555-000000000012,33333333-3333-3333-3333-000000000003,2026-10-04,VERY_INTERESTED,Excelente follow-up con Repsol. Revenue management con SAC fue muy bien recibido. Equipo de ventas y controlling alineados. Previsto inicio de PoC en Q4 2026.
