ID,name,type,landscape,url,description,active,createdAt,createdBy,modifiedAt,modifiedBy
11111111-1111-1111-1111-000000000001,SAC – BDC GA (st04),SAC,BDC_GA,https://demo-st04-s4p-eu.eu10.hcs.cloud.sap,SAP Analytics Cloud del landscape BDC GA v2 (grupo 4),true,2026-01-10T09:00:00Z,admin,2026-01-10T09:00:00Z,admin
11111111-1111-1111-1111-000000000002,SAC – Sandbox (sb01),SAC,SANDBOX,https://demo-sb01-s4p-eu.eu10.hcs.cloud.sap,SAP Analytics Cloud del landscape Sandbox (grupo 6); uso exclusivo para autoformación y grabación de demos,true,2026-01-10T09:00:00Z,admin,2026-01-10T09:00:00Z,admin
11111111-1111-1111-1111-000000000003,Datasphere – BDC GA (st04),DATASPHERE,BDC_GA,https://demo-d-st04-s4p-eu.eu10.hcs.cloud.sap,SAP Datasphere del landscape BDC GA v2; modelos analíticos financieros precargados,true,2026-01-10T09:00:00Z,admin,2026-01-10T09:00:00Z,admin
11111111-1111-1111-1111-000000000004,BDC Cockpit – BDC GA (st04),BDC,BDC_GA,https://demo-b-st04-s4p-eu.eu10.hcs.cloud.sap,SAP Business Data Cloud del landscape BDC GA v2; data products y Microsoft Fabric integration,true,2026-01-10T09:00:00Z,admin,2026-01-10T09:00:00Z,admin
11111111-1111-1111-1111-000000000005,S/4HANA Embedded Analytics,S4HANA,EXTERNAL,https://demo-s4h-eu.eu10.hcs.cloud.sap,Sistema S/4HANA con embedded analytics activado; CDS Views y Fiori analytical apps,false,2026-03-15T10:00:00Z,admin,2026-03-15T10:00:00Z,admin
11111111-1111-1111-1111-000000000006,SAC – GLA26Q2 (st03),SAC,GLA26Q2,https://demo-st03-s4p-eu.eu10.hcs.cloud.sap,SAP Analytics Cloud del landscape GLA26Q2 (grupo 4),true,2026-04-01T09:00:00Z,admin,2026-04-01T09:00:00Z,admin
11111111-1111-1111-1111-000000000007,Datasphere – GLA26Q2 (st03),DATASPHERE,GLA26Q2,https://demo-d-st03-s4p-eu.eu10.hcs.cloud.sap,SAP Datasphere del landscape GLA26Q2,true,2026-04-01T09:00:00Z,admin,2026-04-01T09:00:00Z,admin
11111111-1111-1111-1111-000000000008,BDC Cockpit – GLA26Q2 (st02),BDC,GLA26Q2,https://demo-b-st02-s4p-eu.eu10.hcs.cloud.sap,SAP Business Data Cloud del landscape GLA26Q2,true,2026-04-01T09:00:00Z,admin,2026-04-01T09:00:00Z,admin
11111111-1111-1111-1111-000000000009,Datasphere – Sandbox (sb01),DATASPHERE,SANDBOX,https://demo-d-sb01-s4p-eu.eu10.hcs.cloud.sap,SAP Datasphere del landscape Sandbox; uso libre para PoCs y autoformación,true,2026-04-15T09:00:00Z,admin,2026-04-15T09:00:00Z,admin
11111111-1111-1111-1111-000000000010,BDC Cockpit – Sandbox (sb01),BDC,SANDBOX,https://demo-b-sb01-s4p-eu.eu10.hcs.cloud.sap,SAP Business Data Cloud del landscape Sandbox,true,2026-04-15T09:00:00Z,admin,2026-04-15T09:00:00Z,admin
