demo_ID,solution_ID,notes
55555555-5555-5555-5555-000000000001,22222222-2222-2222-2222-000000000001,Foco en módulo de planificación de SAC (xP&A)
55555555-5555-5555-5555-000000000002,22222222-2222-2222-2222-000000000003,Demo de Datasphere como capa de datos unificada
55555555-5555-5555-5555-000000000003,22222222-2222-2222-2222-000000000002,Reporting y BI ejecutivo con SAC
55555555-5555-5555-5555-000000000004,22222222-2222-2222-2222-000000000004,Presentación introductoria de BDC
55555555-5555-5555-5555-000000000005,22222222-2222-2222-2222-000000000001,SAC xP&A aplicado a supply chain
55555555-5555-5555-5555-000000000006,22222222-2222-2222-2222-000000000004,BDC con data products y Microsoft Fabric
55555555-5555-5555-5555-000000000007,22222222-2222-2222-2222-000000000002,SAC BI para people analytics
55555555-5555-5555-5555-000000000008,22222222-2222-2222-2222-000000000003,Datasphere para analítica operacional y financiera
55555555-5555-5555-5555-000000000009,22222222-2222-2222-2222-000000000001,SAC xP&A para planificación de balance
55555555-5555-5555-5555-000000000010,22222222-2222-2222-2222-000000000002,SAC BI para workforce y HR analytics
55555555-5555-5555-5555-000000000011,22222222-2222-2222-2222-000000000004,BDC como plataforma unificada
55555555-5555-5555-5555-000000000011,22222222-2222-2222-2222-000000000003,Datasphere como capa semántica complementaria
55555555-5555-5555-5555-000000000012,22222222-2222-2222-2222-000000000002,SAC BI para revenue management y rentabilidad
